Customer_ID,Age,Purchase_Frequency,Last_Purchase_Price,Brand_Loyalty_Score,Competitor_Interest,Marketing_Engagement,Loyalty_Program_Enrolled,Customer_Support_Rating,Online_vs_Offline_Purchase,Pricing_Sensitivity,Likelihood_to_Repurchase
1001,46-55,1,52147,9,No,4,Yes,6,Offline,3,69
1002,18-25,3,35109,9,Yes,10,Yes,2,Offline,2,61
1003,18-25,5,52944,4,Yes,0,No,3,Offline,3,83
1004,18-25,5,47288,5,Yes,3,Yes,5,Online,7,89
1005,46-55,3,37670,3,Yes,1,Yes,2,Offline,4,44
1006,18-25,3,45230,7,No,8,No,7,Offline,9,23
1007,18-25,3,55465,1,Yes,10,No,4,Offline,10,46
1008,18-25,5,38216,8,No,6,Yes,1,Offline,7,82
1009,26-35,4,55967,9,No,1,No,5,Online,3,4
1010,18-25,1,55175,10,Yes,9,No,1,Offline,6,60
1011,36-45,2,44768,6,Yes,8,No,7,Online,7,57
1012,18-25,5,47772,7,Yes,10,No,8,Offline,9,89
1013,36-45,2,45024,2,Yes,4,Yes,1,Offline,10,53
1014,26-35,4,39042,10,Yes,2,No,6,Offline,2,64
1015,18-25,4,35076,2,Yes,9,Yes,6,Offline,10,84
1016,18-25,2,56891,4,No,7,Yes,7,Offline,8,52
1017,36-45,3,54111,2,No,0,Yes,6,Offline,6,14
1018,36-45,2,47016,6,Yes,8,No,6,Online,7,78
1019,36-45,4,36873,1,No,0,No,6,Online,1,70
1020,26-35,2,52693,5,Yes,5,No,8,Offline,7,27
1021,18-25,1,54307,8,Yes,10,No,7,Offline,10,40
1022,18-25,1,48175,3,Yes,5,No,3,Offline,10,84
1023,18-25,5,52579,4,Yes,1,Yes,3,Offline,7,63
1024,36-45,4,43852,4,No,0,Yes,3,Online,5,52
1025,18-25,3,49117,3,No,4,Yes,7,Offline,2,18
1026,26-35,4,57643,10,No,4,Yes,8,Offline,1,22
1027,46-55,4,39821,8,Yes,0,Yes,5,Offline,8,86
1028,46-55,4,54736,2,Yes,7,Yes,3,Online,10,23
1029,36-45,1,57587,5,Yes,3,Yes,9,Online,8,98
1030,26-35,2,47015,3,No,5,Yes,7,Online,3,75
1031,36-45,5,57498,6,No,9,Yes,5,Offline,5,70
1032,36-45,3,53714,7,No,1,No,10,Offline,4,4
1033,18-25,3,43198,5,Yes,4,No,8,Online,3,80
1034,26-35,4,44723,2,No,2,Yes,1,Online,10,49
1035,26-35,2,39610,9,No,3,Yes,5,Offline,10,66
1036,26-35,2,53176,4,Yes,5,No,9,Online,4,23
1037,18-25,3,58250,8,No,9,Yes,3,Offline,1,59
1038,46-55,2,37463,2,Yes,2,No,10,Online,5,69
1039,46-55,3,37414,10,Yes,4,Yes,5,Offline,3,66
1040,36-45,3,45659,7,No,1,Yes,4,Offline,2,81
1041,26-35,4,38829,10,Yes,8,Yes,8,Offline,6,99
1042,26-35,2,54081,10,No,5,Yes,10,Online,2,81
1043,46-55,5,41077,4,Yes,1,No,9,Online,5,85
1044,18-25,4,43712,1,Yes,3,No,6,Online,4,65
1045,26-35,2,58553,9,Yes,7,Yes,8,Offline,10,86
1046,36-45,4,38477,10,Yes,6,No,1,Online,10,53
1047,26-35,5,40748,1,Yes,9,Yes,3,Online,4,36
1048,46-55,2,37424,8,Yes,9,No,3,Online,8,56
1049,46-55,3,53717,3,No,8,Yes,5,Online,2,18
1050,46-55,5,53261,6,No,5,No,9,Online,9,53
1051,26-35,2,40996,9,Yes,4,No,3,Offline,5,64
1052,36-45,2,42007,5,No,0,No,6,Online,4,52
1053,46-55,2,57832,2,No,4,Yes,6,Online,2,30
1054,18-25,3,47500,3,No,2,Yes,9,Offline,1,20
1055,46-55,3,41757,7,Yes,1,Yes,6,Offline,9,8
1056,18-25,3,38858,6,Yes,8,No,2,Online,9,59
1057,46-55,2,52752,2,No,9,No,10,Offline,1,21
1058,26-35,2,59267,5,No,10,Yes,8,Online,9,82
1059,46-55,3,52047,4,No,0,No,4,Online,4,22
1060,26-35,3,46997,6,Yes,3,Yes,4,Online,4,28
1061,36-45,3,49454,9,Yes,3,No,6,Offline,4,39
1062,18-25,5,45476,3,No,4,No,5,Offline,3,92
1063,26-35,1,59180,3,No,5,Yes,3,Offline,8,1
1064,46-55,5,42099,7,Yes,3,No,3,Online,1,83
1065,26-35,3,43320,10,Yes,8,No,3,Online,6,37
1066,18-25,3,42741,10,No,5,Yes,9,Offline,1,21
1067,26-35,5,46685,9,No,7,No,2,Offline,9,86
1068,46-55,5,59701,1,Yes,1,Yes,3,Online,6,65
1069,18-25,2,57092,8,Yes,7,No,6,Offline,6,24
1070,36-45,1,47898,1,No,6,No,1,Offline,1,68
1071,26-35,5,55556,8,No,4,Yes,4,Online,6,3
1072,36-45,4,56710,5,Yes,8,Yes,1,Online,8,20
1073,46-55,1,35562,3,No,8,Yes,10,Online,5,64
1074,18-25,1,52908,6,Yes,8,Yes,6,Offline,3,85
1075,18-25,2,41617,6,Yes,9,No,2,Offline,4,25
1076,26-35,2,46822,3,Yes,10,Yes,7,Offline,10,11
1077,36-45,1,51551,5,Yes,6,Yes,10,Online,5,61
1078,36-45,4,54646,6,No,0,No,5,Online,1,76
1079,36-45,4,44903,9,No,7,Yes,1,Online,4,70
1080,46-55,3,51095,9,No,7,No,4,Offline,3,55
1081,36-45,2,44967,5,Yes,0,No,5,Offline,5,6
1082,18-25,1,58796,2,Yes,8,Yes,3,Online,5,43
1083,26-35,2,37792,2,No,8,Yes,7,Offline,1,42
1084,26-35,4,46310,8,No,9,No,3,Online,1,31
1085,46-55,2,54589,5,No,5,No,9,Offline,4,61
1086,36-45,1,46324,1,Yes,10,Yes,3,Offline,7,49
1087,36-45,5,49317,4,No,6,No,6,Offline,5,0
1088,36-45,5,55845,3,Yes,3,No,9,Offline,1,21
1089,36-45,2,47399,7,Yes,9,No,7,Online,1,2
1090,18-25,3,54522,1,No,3,Yes,1,Online,4,7
1091,36-45,5,50725,5,No,2,No,2,Online,8,8
1092,18-25,4,46598,8,Yes,6,No,3,Offline,8,2
1093,26-35,4,38672,7,No,7,No,7,Online,7,52
1094,46-55,3,46070,5,No,4,Yes,9,Online,8,55
1095,36-45,2,46242,1,No,10,No,10,Offline,3,66
1096,26-35,1,37187,5,No,0,No,4,Online,9,0
1097,18-25,2,45752,2,No,2,No,5,Online,5,14
1098,18-25,2,58426,5,No,3,No,8,Offline,9,52
1099,36-45,5,36913,5,Yes,9,No,7,Offline,1,92
1100,26-35,5,44686,2,No,3,Yes,9,Offline,3,72
1101,26-35,1,59643,10,No,5,No,3,Online,1,46
1102,36-45,4,59729,6,No,6,Yes,1,Online,4,87
1103,46-55,5,45203,6,No,8,Yes,4,Online,8,79
1104,36-45,4,56822,3,No,9,Yes,9,Online,8,91
1105,18-25,1,37183,8,Yes,1,No,6,Online,7,71
1106,18-25,4,35920,4,No,7,Yes,6,Online,5,1
1107,46-55,5,39354,1,No,4,Yes,5,Online,1,89
1108,36-45,4,48029,7,No,7,Yes,6,Online,9,95
1109,18-25,5,35693,5,Yes,0,No,4,Online,10,33
1110,46-55,5,59231,9,No,5,Yes,1,Online,5,6
1111,46-55,3,37115,5,Yes,6,No,5,Online,9,47
1112,26-35,3,43390,7,No,0,Yes,1,Online,8,24
1113,46-55,4,58447,3,No,5,No,4,Online,5,72
1114,26-35,4,38454,7,No,4,No,1,Offline,8,3
1115,26-35,2,52391,7,No,7,No,4,Offline,3,57
1116,18-25,3,59987,6,Yes,0,Yes,2,Online,7,43
1117,46-55,1,54947,3,No,0,No,6,Online,9,92
1118,46-55,4,41516,10,Yes,0,Yes,7,Online,9,89
1119,26-35,4,40878,5,No,2,Yes,4,Online,10,63
1120,46-55,2,46578,5,No,0,No,7,Online,8,49
1121,26-35,2,39149,2,No,6,Yes,8,Offline,6,17
1122,36-45,4,40006,1,Yes,1,Yes,10,Offline,6,5
1123,36-45,5,42267,6,Yes,3,No,7,Online,3,5
1124,46-55,4,35345,2,Yes,2,No,2,Online,7,87
1125,26-35,3,44030,7,Yes,6,No,9,Online,8,79
1126,36-45,4,37367,4,No,4,No,9,Offline,4,77
1127,18-25,4,58028,6,Yes,8,No,3,Offline,4,62
1128,46-55,4,50958,2,No,7,Yes,3,Offline,10,58
1129,46-55,5,39459,8,No,7,Yes,2,Offline,4,49
1130,18-25,1,48723,6,No,5,Yes,3,Offline,2,9
1131,18-25,5,59663,9,No,10,No,4,Online,7,66
1132,26-35,2,45922,3,No,5,No,9,Online,5,20
1133,36-45,5,44494,3,No,1,Yes,8,Online,1,94
1134,26-35,1,41161,5,Yes,6,Yes,2,Offline,1,70
1135,36-45,1,49122,3,Yes,2,Yes,1,Offline,2,80
1136,46-55,4,37855,9,No,9,No,1,Offline,8,20
1137,18-25,2,51643,1,Yes,4,No,2,Online,6,1
1138,18-25,3,52377,9,No,2,No,6,Offline,6,70
1139,46-55,4,57046,9,Yes,8,No,9,Offline,3,67
1140,36-45,3,53895,8,Yes,0,Yes,1,Online,4,13
1141,36-45,5,48742,7,No,7,No,2,Online,2,54
1142,26-35,3,56921,9,No,9,No,8,Offline,2,92
1143,18-25,4,40322,7,Yes,10,Yes,8,Offline,4,8
1144,36-45,3,46506,8,No,1,Yes,7,Offline,8,100
1145,46-55,1,43054,1,No,3,No,1,Offline,8,9
1146,46-55,1,50899,7,No,4,No,4,Offline,4,62
1147,36-45,5,36508,10,No,9,Yes,5,Offline,10,30
1148,18-25,4,43983,8,Yes,7,Yes,7,Offline,7,1
1149,26-35,5,35826,5,Yes,10,Yes,5,Online,3,81
1150,18-25,2,37911,9,Yes,6,No,5,Online,7,82
1151,36-45,2,48146,7,No,10,Yes,10,Online,7,73
1152,36-45,2,56260,4,No,9,No,6,Offline,1,46
1153,36-45,2,54714,7,No,3,No,8,Online,7,63
1154,46-55,5,51491,4,Yes,0,Yes,3,Offline,9,25
1155,18-25,4,36403,7,Yes,3,Yes,7,Offline,2,31
1156,18-25,1,43474,8,No,6,Yes,2,Online,6,44
1157,18-25,5,40379,7,Yes,5,Yes,8,Offline,6,61
1158,18-25,4,40470,1,Yes,3,Yes,10,Online,2,50
1159,36-45,2,35850,2,No,1,Yes,10,Online,7,40
1160,26-35,2,42002,2,No,4,No,10,Offline,10,48
1161,18-25,5,57259,5,Yes,6,Yes,5,Online,7,88
1162,18-25,4,49392,7,No,0,No,9,Online,2,84
1163,18-25,5,35706,1,Yes,9,No,6,Online,3,42
1164,26-35,2,42097,4,No,3,No,2,Online,3,27
1165,46-55,1,50600,10,Yes,8,Yes,6,Offline,3,49
1166,26-35,1,43384,7,No,4,No,2,Online,4,9
1167,26-35,2,44001,4,No,8,No,3,Offline,8,69
1168,36-45,5,56014,6,No,3,No,6,Online,1,80
1169,46-55,2,45804,10,No,8,Yes,6,Offline,8,11
1170,36-45,4,40586,7,Yes,5,Yes,5,Online,4,87
1171,26-35,4,36692,8,Yes,0,Yes,3,Offline,8,76
1172,18-25,2,50638,7,No,3,Yes,5,Online,3,5
1173,26-35,4,59728,6,Yes,2,Yes,5,Offline,9,21
1174,26-35,2,48976,2,Yes,8,No,10,Online,3,45
1175,36-45,2,59995,8,No,10,No,8,Offline,4,80
1176,36-45,4,53060,1,No,3,Yes,1,Offline,7,53
1177,26-35,2,53728,7,No,9,No,6,Offline,2,60
1178,26-35,1,35204,1,Yes,1,Yes,5,Offline,4,6
1179,26-35,5,53260,2,No,6,Yes,8,Online,3,84
1180,46-55,3,41766,6,Yes,4,Yes,9,Offline,10,7
1181,46-55,2,59739,1,Yes,4,Yes,9,Online,2,86
1182,36-45,1,45171,4,Yes,0,Yes,7,Offline,3,57
1183,18-25,3,54074,9,No,1,Yes,4,Offline,5,73
1184,36-45,3,58012,2,No,0,No,1,Online,9,50
1185,36-45,5,56505,8,No,10,No,7,Online,4,73
1186,18-25,1,39937,2,No,0,Yes,10,Offline,9,92
1187,18-25,3,48239,7,No,1,Yes,3,Offline,4,70
1188,46-55,3,54967,6,Yes,7,No,10,Offline,4,76
1189,26-35,3,43242,4,Yes,8,Yes,6,Online,6,69
1190,18-25,5,52759,3,Yes,7,No,6,Online,10,44
1191,46-55,3,47226,1,No,5,No,5,Online,7,74
1192,18-25,4,51756,3,No,7,No,2,Online,8,20
1193,36-45,5,55079,7,No,3,No,9,Offline,9,61
1194,36-45,2,56259,7,Yes,10,Yes,10,Online,2,17
1195,46-55,3,43170,10,Yes,6,Yes,8,Offline,10,24
1196,36-45,1,58043,10,Yes,5,Yes,9,Offline,1,59
1197,18-25,5,45186,4,Yes,7,Yes,8,Online,5,87
1198,46-55,1,48651,6,Yes,2,No,7,Offline,4,1
1199,46-55,3,55399,10,No,4,Yes,3,Offline,9,57
1200,46-55,5,52919,6,Yes,3,No,3,Online,5,97
1201,26-35,5,58915,4,Yes,9,No,6,Online,4,35
1202,18-25,4,39280,6,Yes,1,Yes,7,Offline,1,73
1203,36-45,3,57826,10,Yes,7,No,8,Offline,9,33
1204,18-25,2,36168,5,Yes,5,No,1,Online,7,36
1205,36-45,2,41257,3,No,8,No,4,Online,3,10
1206,36-45,3,57078,10,No,2,Yes,2,Online,10,5
1207,36-45,3,44164,5,Yes,7,No,3,Online,2,33
1208,46-55,4,45272,1,Yes,3,Yes,1,Offline,4,7
1209,36-45,5,56588,10,No,5,No,9,Offline,3,48
1210,26-35,4,40275,8,No,7,No,7,Online,7,60
1211,46-55,4,55247,7,Yes,7,Yes,7,Offline,4,54
1212,46-55,3,39779,9,No,4,Yes,7,Online,6,59
1213,46-55,4,53397,9,Yes,0,No,7,Online,1,44
1214,46-55,3,51556,1,Yes,1,Yes,2,Online,10,22
1215,46-55,3,52998,8,No,3,No,9,Online,6,36
1216,36-45,5,55606,6,Yes,4,Yes,3,Offline,8,26
1217,36-45,5,55802,4,No,5,No,8,Offline,10,85
1218,18-25,4,38082,5,No,1,No,9,Offline,3,3
1219,18-25,4,39823,1,Yes,3,Yes,10,Offline,6,27
1220,26-35,1,52802,5,No,7,Yes,9,Online,10,30
1221,36-45,3,42016,6,No,0,Yes,1,Online,6,74
1222,36-45,1,51259,3,No,9,Yes,1,Online,4,92
1223,18-25,1,41434,5,Yes,0,No,8,Online,1,77
1224,36-45,3,44628,2,No,7,Yes,3,Online,1,82
1225,18-25,5,59648,5,Yes,7,Yes,6,Offline,1,34
1226,18-25,4,37140,1,Yes,10,No,9,Online,10,65
1227,36-45,1,49738,3,Yes,9,No,7,Online,4,17
1228,36-45,1,35093,10,Yes,5,No,10,Offline,9,39
1229,46-55,2,53349,10,No,5,No,10,Online,2,77
1230,26-35,2,43795,8,No,0,Yes,3,Online,10,2
1231,46-55,3,46130,2,No,7,Yes,10,Offline,6,97
1232,18-25,5,50308,1,Yes,2,Yes,1,Online,7,73
1233,26-35,3,38591,5,No,1,Yes,1,Online,3,36
1234,26-35,2,59188,1,Yes,5,No,7,Online,5,43
1235,46-55,2,37599,9,Yes,8,Yes,7,Offline,8,31
1236,36-45,2,50136,1,Yes,6,No,6,Offline,9,69
1237,26-35,5,40943,10,No,7,Yes,5,Online,7,43
1238,26-35,2,50553,10,Yes,10,Yes,9,Offline,5,93
1239,36-45,1,46727,1,Yes,10,Yes,9,Online,4,8
1240,26-35,2,47008,10,Yes,6,No,7,Online,1,50
1241,18-25,4,43701,4,Yes,7,No,4,Offline,1,93
1242,36-45,5,43213,10,No,10,No,6,Offline,2,63
1243,18-25,4,44774,9,Yes,5,No,5,Online,1,47
1244,26-35,3,41801,2,Yes,2,Yes,6,Offline,8,98
1245,18-25,5,58243,7,Yes,9,Yes,3,Offline,2,53
1246,26-35,2,45649,8,No,9,No,9,Offline,10,79
1247,18-25,3,59473,5,Yes,8,Yes,6,Online,7,27
1248,36-45,5,51263,4,No,3,No,6,Online,8,53
1249,18-25,2,52236,5,Yes,3,No,7,Online,6,84
1250,46-55,5,40714,7,No,6,Yes,8,Online,9,43
1251,18-25,2,54229,10,Yes,0,Yes,8,Offline,8,49
1252,36-45,5,49848,9,No,8,Yes,2,Online,10,89
1253,46-55,3,42785,9,Yes,3,No,5,Online,6,48
1254,26-35,2,44746,10,No,0,No,8,Online,6,17
1255,46-55,1,41428,9,No,2,Yes,1,Online,7,56
1256,18-25,3,52854,4,No,5,No,5,Offline,3,57
1257,46-55,2,48955,1,Yes,3,Yes,7,Online,4,81
1258,46-55,3,59015,5,Yes,9,Yes,4,Offline,7,22
1259,36-45,1,40183,8,No,2,No,4,Online,7,15
1260,36-45,2,41205,8,No,0,No,8,Online,8,36
1261,46-55,1,36668,10,No,1,No,1,Offline,2,0
1262,46-55,5,49114,2,No,8,Yes,6,Offline,3,88
1263,18-25,3,56922,10,No,9,Yes,2,Offline,4,3
1264,36-45,4,57285,4,Yes,6,Yes,10,Online,1,68
1265,18-25,1,39074,5,Yes,1,No,7,Offline,4,20
1266,46-55,3,46952,8,Yes,2,Yes,3,Offline,6,88
1267,18-25,5,45723,8,Yes,10,No,8,Offline,1,76
1268,26-35,1,41499,4,Yes,1,No,3,Offline,6,13
1269,36-45,1,54109,6,Yes,1,No,5,Online,10,72
1270,26-35,1,42627,6,No,0,Yes,10,Offline,3,20
1271,36-45,2,57596,9,Yes,5,No,7,Offline,3,41
1272,18-25,1,57265,6,No,1,Yes,6,Online,10,43
1273,36-45,5,57328,7,Yes,9,No,4,Offline,6,95
1274,26-35,2,38341,4,Yes,4,No,10,Online,3,79
1275,18-25,1,48290,2,Yes,10,Yes,2,Offline,4,52
1276,36-45,2,39077,9,No,2,No,9,Online,7,14
1277,26-35,1,44952,8,Yes,2,No,1,Offline,3,85
1278,46-55,3,49710,4,Yes,10,Yes,1,Online,4,34
1279,26-35,2,40318,9,No,7,Yes,2,Offline,9,33
1280,18-25,2,58543,7,Yes,4,Yes,7,Online,4,58
1281,46-55,3,56992,9,No,0,No,9,Offline,3,100
1282,18-25,3,48821,5,No,0,No,6,Online,6,17
1283,18-25,5,36009,8,Yes,0,Yes,10,Online,3,26
1284,18-25,4,38881,2,Yes,3,Yes,7,Offline,1,58
1285,18-25,4,39825,6,Yes,0,No,3,Online,9,45
1286,18-25,5,47250,9,Yes,2,Yes,2,Online,1,16
1287,18-25,1,48156,9,Yes,4,Yes,7,Offline,4,55
1288,46-55,5,44644,9,Yes,0,Yes,10,Offline,10,56
1289,36-45,4,35836,5,No,7,No,9,Online,9,46
1290,46-55,2,52920,4,No,7,No,9,Online,5,84
1291,26-35,3,35568,2,No,0,Yes,9,Online,3,61
1292,36-45,3,50627,6,No,3,Yes,3,Online,9,27
1293,46-55,4,52747,10,Yes,1,Yes,9,Offline,1,10
1294,26-35,1,42469,4,No,7,No,3,Offline,7,16
1295,36-45,5,47462,10,No,1,Yes,3,Online,4,61
1296,46-55,5,50534,4,No,3,No,4,Offline,9,26
1297,36-45,3,54460,7,Yes,3,No,3,Offline,10,86
1298,26-35,5,41981,4,No,7,No,10,Online,4,99
1299,46-55,2,47725,3,No,5,No,9,Online,2,53
1300,46-55,3,57440,6,Yes,5,No,8,Offline,4,32
1301,36-45,3,54518,9,No,3,Yes,4,Online,6,88
1302,46-55,3,46917,6,No,10,Yes,3,Offline,10,90
1303,26-35,3,50058,4,Yes,8,No,8,Offline,4,74
1304,46-55,1,53527,7,No,1,No,10,Offline,5,11
1305,46-55,3,57194,8,No,1,No,9,Offline,7,0
1306,18-25,1,59491,7,Yes,3,Yes,5,Offline,3,2
1307,36-45,1,59262,7,No,1,Yes,9,Offline,6,29
1308,18-25,5,45334,6,Yes,3,No,1,Online,5,41
1309,26-35,2,57973,9,Yes,1,Yes,8,Online,10,7
1310,46-55,1,53306,9,Yes,5,No,5,Offline,10,89
1311,18-25,1,39240,6,Yes,9,Yes,1,Offline,9,25
1312,18-25,5,48205,4,No,10,Yes,9,Online,10,55
1313,46-55,4,37918,10,Yes,2,Yes,2,Offline,9,26
1314,18-25,1,58566,9,No,7,No,6,Online,3,36
1315,26-35,3,54271,10,Yes,9,Yes,6,Online,8,40
1316,18-25,5,44163,8,No,3,No,10,Online,5,57
1317,26-35,5,36633,7,Yes,4,Yes,6,Offline,3,48
1318,26-35,5,44551,6,No,3,No,4,Offline,8,18
1319,26-35,3,40952,6,No,4,No,5,Offline,7,99
1320,36-45,5,41574,3,Yes,9,Yes,1,Online,7,54
1321,46-55,3,58999,8,No,9,Yes,6,Online,8,40
1322,36-45,5,58802,4,No,3,Yes,8,Offline,1,85
1323,46-55,3,46041,6,No,5,No,6,Online,3,39
1324,46-55,2,59689,2,Yes,2,No,6,Offline,2,96
1325,36-45,4,59512,7,No,9,No,9,Offline,10,14
1326,46-55,5,51642,5,Yes,2,Yes,8,Online,2,74
1327,46-55,1,41136,2,Yes,1,No,10,Offline,4,91
1328,46-55,5,59275,8,No,4,No,7,Offline,8,73
1329,36-45,5,56829,8,Yes,0,No,8,Online,2,16
1330,26-35,4,52084,1,Yes,9,No,5,Offline,10,27
1331,18-25,4,43571,10,No,10,Yes,10,Offline,7,92
1332,18-25,5,46920,6,No,9,Yes,3,Online,7,100
1333,36-45,1,40869,2,Yes,5,Yes,7,Offline,7,51
1334,26-35,3,52257,7,Yes,1,No,8,Online,3,37
1335,26-35,1,47264,6,Yes,1,No,3,Offline,9,59
1336,46-55,1,53537,10,Yes,3,No,10,Online,3,8
1337,26-35,2,53264,2,Yes,10,Yes,3,Online,3,99
1338,18-25,2,49144,3,Yes,3,Yes,9,Offline,8,79
1339,46-55,2,59517,7,Yes,1,Yes,8,Online,6,36
1340,26-35,2,42030,2,No,10,Yes,6,Online,8,80
1341,36-45,2,57233,5,Yes,9,No,8,Online,8,30
1342,46-55,2,48794,7,Yes,4,Yes,4,Online,1,34
1343,26-35,4,35187,6,No,6,No,8,Online,1,16
1344,36-45,3,43733,1,No,1,No,7,Online,1,8
1345,26-35,5,52282,9,Yes,3,No,5,Online,10,14
1346,36-45,1,36998,7,Yes,10,Yes,2,Offline,7,66
1347,46-55,2,38098,1,No,9,No,7,Online,2,88
1348,18-25,4,43137,6,No,3,Yes,1,Online,8,31
1349,46-55,5,37793,9,Yes,1,No,9,Online,3,9
1350,46-55,3,47315,4,Yes,4,No,1,Offline,9,47
1351,46-55,2,52711,10,Yes,6,Yes,7,Offline,2,12
1352,18-25,1,42461,7,Yes,0,No,1,Online,3,29
1353,36-45,3,45715,6,No,3,No,6,Offline,1,56
1354,36-45,1,42144,6,No,10,No,10,Online,10,84
1355,36-45,1,57959,7,Yes,4,No,10,Online,3,93
1356,36-45,3,35175,9,Yes,0,No,10,Offline,4,32
1357,46-55,4,44076,3,No,10,Yes,1,Online,7,96
1358,36-45,1,51825,1,Yes,3,No,8,Offline,8,46
1359,36-45,4,50643,1,No,9,Yes,8,Offline,3,90
1360,26-35,3,46508,6,No,9,No,3,Online,10,99
1361,36-45,3,44782,6,No,0,Yes,9,Online,7,21
1362,18-25,1,37497,1,Yes,7,No,2,Online,8,2
1363,26-35,1,57092,8,No,0,Yes,2,Offline,9,73
1364,18-25,2,54075,10,Yes,7,Yes,7,Offline,3,36
1365,18-25,2,52364,3,Yes,9,Yes,2,Offline,10,85
1366,18-25,5,39702,1,Yes,1,Yes,4,Online,6,99
1367,26-35,1,37193,3,Yes,9,Yes,9,Online,2,17
1368,26-35,3,43997,1,Yes,3,No,9,Online,7,69
1369,26-35,4,47383,7,No,6,Yes,4,Offline,7,83
1370,18-25,4,38975,5,Yes,5,Yes,9,Offline,8,10
1371,18-25,1,42373,5,No,0,Yes,1,Online,5,26
1372,36-45,5,47445,1,Yes,5,Yes,5,Online,5,60
1373,36-45,3,45282,2,No,5,No,4,Online,6,60
1374,26-35,1,56693,8,Yes,10,Yes,3,Online,5,67
1375,18-25,4,52304,2,No,4,No,8,Offline,10,46
1376,36-45,1,50258,1,Yes,9,No,3,Online,1,79
1377,46-55,4,48869,3,No,9,No,9,Offline,6,64
1378,36-45,5,47006,10,No,2,Yes,4,Offline,1,78
1379,18-25,1,38007,5,No,2,Yes,3,Online,10,84
1380,46-55,1,57182,1,Yes,10,No,3,Offline,5,37
1381,26-35,2,40047,6,Yes,7,No,10,Online,8,74
1382,26-35,5,46548,10,Yes,3,No,10,Online,7,19
1383,26-35,5,43823,8,Yes,9,Yes,6,Online,1,24
1384,18-25,3,48482,3,No,5,Yes,9,Offline,4,46
1385,46-55,2,43487,4,Yes,8,No,5,Offline,9,35
1386,26-35,4,39648,1,Yes,2,Yes,2,Offline,4,86
1387,36-45,1,40829,3,No,10,No,2,Online,4,94
1388,46-55,4,51011,5,No,2,Yes,10,Online,8,85
1389,26-35,4,48416,7,No,1,No,7,Online,7,39
1390,36-45,4,56726,3,Yes,4,No,3,Offline,2,3
1391,46-55,1,56081,4,No,1,Yes,6,Online,1,19
1392,18-25,4,51782,7,No,3,Yes,2,Online,5,80
1393,36-45,5,35580,9,Yes,5,Yes,5,Online,5,4
1394,18-25,2,53154,3,No,8,Yes,2,Online,8,17
1395,36-45,2,40309,4,Yes,9,No,1,Offline,6,82
1396,26-35,2,40717,2,No,5,No,8,Online,6,59
1397,36-45,5,47379,8,No,0,Yes,1,Online,9,22
1398,46-55,2,53928,5,Yes,6,No,8,Online,7,55
1399,36-45,5,58927,5,Yes,4,No,10,Online,10,15
1400,18-25,4,41694,2,Yes,10,No,3,Offline,5,60
1401,26-35,4,42305,3,Yes,1,Yes,5,Online,2,48
1402,26-35,1,37306,9,No,1,No,2,Online,9,14
1403,26-35,3,45170,1,No,9,Yes,2,Online,1,41
1404,18-25,4,35649,7,No,2,No,6,Offline,10,26
1405,18-25,4,58312,10,Yes,0,No,1,Online,10,6
1406,18-25,1,46449,8,Yes,7,No,8,Offline,5,50
1407,46-55,2,39179,4,Yes,10,No,2,Offline,8,10
1408,36-45,4,59971,1,Yes,1,No,7,Online,3,60
1409,26-35,4,59822,9,No,1,Yes,5,Online,6,89
1410,18-25,3,44366,2,No,9,No,5,Offline,5,31
1411,46-55,3,57543,10,No,9,No,6,Online,2,25
1412,36-45,2,35905,2,No,1,No,1,Online,4,76
1413,36-45,5,51530,10,No,5,No,9,Online,6,97
1414,36-45,3,55168,4,No,8,Yes,5,Online,4,59
1415,18-25,4,37640,3,Yes,6,Yes,9,Offline,6,47
1416,46-55,5,40120,2,Yes,1,Yes,8,Offline,8,45
1417,36-45,2,51727,7,Yes,8,No,5,Offline,4,77
1418,18-25,3,39657,6,Yes,4,No,3,Online,5,29
1419,46-55,1,49160,8,Yes,6,Yes,8,Offline,9,49
1420,26-35,2,43851,3,No,8,No,7,Offline,10,20
1421,18-25,5,53110,9,Yes,5,No,9,Offline,5,88
1422,26-35,2,45625,1,Yes,10,No,4,Offline,5,74
1423,46-55,2,35696,3,Yes,5,No,6,Offline,1,37
1424,36-45,1,56541,7,No,2,Yes,5,Online,1,74
1425,36-45,3,57400,1,No,3,No,6,Online,6,97
1426,36-45,3,57654,8,No,10,No,8,Offline,8,67
1427,36-45,3,41475,5,No,0,Yes,3,Offline,5,10
1428,46-55,2,44298,5,Yes,7,Yes,6,Offline,7,83
1429,18-25,4,36710,4,Yes,7,Yes,9,Online,9,28
1430,26-35,4,55023,7,No,2,No,6,Online,5,17
1431,36-45,2,57049,3,Yes,3,No,6,Online,7,63
1432,26-35,3,42544,5,Yes,0,No,9,Online,9,67
1433,36-45,5,54273,9,No,7,No,2,Online,8,53
1434,18-25,5,56432,9,Yes,8,No,9,Offline,3,85
1435,46-55,2,47573,4,Yes,5,Yes,3,Online,8,81
1436,26-35,3,37270,5,No,3,Yes,6,Online,10,46
1437,26-35,3,36029,9,Yes,3,Yes,10,Online,2,18
1438,18-25,3,58799,9,No,0,Yes,2,Offline,8,3
1439,18-25,5,42256,6,No,2,No,8,Online,10,4
1440,18-25,1,40530,10,Yes,8,No,3,Online,2,62
1441,36-45,2,54128,8,No,3,No,1,Online,2,68
1442,46-55,1,42920,5,No,8,No,7,Offline,8,47
1443,46-55,1,58932,5,No,9,No,1,Online,6,10
1444,46-55,3,51801,3,Yes,4,No,1,Offline,1,62
1445,26-35,1,47943,10,No,10,No,4,Online,9,34
1446,26-35,5,51052,5,No,0,Yes,9,Online,1,52
1447,18-25,4,42012,5,Yes,5,Yes,2,Offline,2,46
1448,46-55,5,39092,10,No,8,No,4,Offline,6,60
1449,36-45,1,56088,2,Yes,3,No,8,Offline,7,48
1450,46-55,3,39882,3,No,0,No,2,Offline,3,31
1451,36-45,2,54286,2,No,5,Yes,4,Online,2,75
1452,36-45,3,59214,8,Yes,4,Yes,6,Offline,2,87
1453,36-45,3,54092,2,Yes,8,Yes,10,Offline,8,50
1454,18-25,3,44932,10,No,0,No,1,Offline,9,50
1455,46-55,2,41871,1,Yes,8,No,9,Offline,3,70
1456,26-35,4,52262,10,Yes,8,Yes,4,Online,5,81
1457,46-55,4,43168,9,Yes,2,No,7,Offline,6,67
1458,26-35,3,47130,2,No,8,No,1,Online,2,15
1459,46-55,5,56290,7,Yes,1,Yes,7,Online,6,78
1460,36-45,5,43553,5,No,4,No,8,Offline,4,36
1461,36-45,3,36219,5,Yes,6,No,9,Online,2,61
1462,18-25,4,38958,8,Yes,7,Yes,7,Online,10,8
1463,26-35,1,38882,1,No,0,Yes,8,Offline,5,9
1464,36-45,4,55956,4,Yes,7,No,3,Offline,4,52
1465,26-35,3,50798,4,No,6,No,3,Offline,5,10
1466,18-25,2,51355,10,No,10,No,5,Online,3,6
1467,46-55,1,54464,4,No,8,No,9,Offline,6,44
1468,36-45,5,42195,9,Yes,3,Yes,4,Offline,8,27
1469,36-45,5,56840,6,Yes,8,No,10,Online,10,62
1470,18-25,3,42488,4,No,8,No,4,Online,8,49
1471,46-55,5,38151,1,Yes,3,Yes,2,Online,10,19
1472,46-55,5,39820,10,No,8,Yes,7,Offline,9,56
1473,46-55,4,52573,2,Yes,10,Yes,5,Online,2,47
1474,26-35,1,36612,2,No,2,Yes,5,Online,9,25
1475,36-45,3,37333,3,Yes,9,Yes,8,Online,7,22
1476,36-45,3,59455,8,No,1,Yes,6,Online,2,11
1477,36-45,2,45179,8,Yes,4,No,4,Offline,5,97
1478,18-25,2,52068,4,Yes,1,No,3,Online,9,37
1479,26-35,3,35193,6,Yes,10,No,2,Offline,9,48
1480,18-25,3,54064,6,Yes,6,No,3,Online,6,25
1481,46-55,3,39686,1,Yes,2,Yes,9,Online,9,67
1482,18-25,2,56075,1,No,4,No,8,Online,5,71
1483,18-25,2,41621,2,No,10,No,2,Online,2,90
1484,26-35,5,50349,7,Yes,3,No,7,Online,8,97
1485,46-55,5,54808,1,No,8,No,6,Offline,4,79
1486,36-45,5,41415,6,No,0,Yes,6,Online,1,90
1487,46-55,4,57898,1,Yes,7,No,7,Offline,1,30
1488,18-25,2,35515,10,No,6,Yes,8,Offline,10,7
1489,18-25,5,53280,9,No,0,Yes,2,Offline,3,52
1490,46-55,4,36560,3,No,0,Yes,1,Online,6,38
1491,46-55,4,46400,9,No,0,No,8,Offline,4,47
1492,36-45,4,55334,2,No,4,Yes,6,Offline,8,37
1493,36-45,4,38304,2,No,5,Yes,10,Offline,9,83
1494,46-55,5,41952,9,No,10,No,5,Offline,2,14
1495,26-35,3,37923,1,No,5,Yes,4,Online,8,20
1496,18-25,3,38608,10,Yes,7,No,9,Online,8,45
1497,18-25,2,54154,7,No,3,Yes,4,Online,6,11
1498,36-45,4,53914,4,No,7,No,7,Offline,7,50
1499,18-25,4,48006,4,Yes,5,No,7,Offline,2,35
1500,36-45,4,48549,6,No,5,Yes,1,Online,4,98
